<?xml version="1.0" ?>
<config xmlns:xsi="http://www.w3.org/2001/XMLSchema-instance" xsi:noNamespaceSchemaLocation="urn:magento:framework:Acl/etc/acl.xsd">
	<acl>
		<resources>
			<resource id="Magento_Backend::admin">
				<resource id="Amasty_Customer::create" sortOrder="10" title="create">
					<resource id="Amasty_Customer::customer_index" sortOrder="10" title="customer index"/>
				</resource>
				<resource id="Amasty_Customer::save" sortOrder="10" title="save">
					<resource id="Amasty_Customer::customer_save" sortOrder="10" title="customer save"/>
				</resource>
			</resource>
		</resources>
	</acl>
</config>
